Мосей,Городчиков,kp7o8mini@example.com,Lealak,DspV5D7Wn0
Мамант,Крекшин,gerbouj4e@example.com,Laokdaokr,EYtir0cYL!
Кассиан,Милорадович,778u1y904@example.com,Voaind,sjr6Iue0hU
Макарий,Плохово,o37ogr10n@example.com,Demavauf,nLyQ4S_vX!
Ангелий,Френкель,6y5zcalmc@example.com,Keisahfi,U76fpysa#3
Ефим,Второв,ya8sc3tz8@example.com,Nebikeell,3m3N#uQLee
Геннадий,Оголин,lapebpyff@example.com,Lotevaomz,l9L*g!4#Id
Эдуард,Летюхин,qztk2wy6y@example.com,Vanf,UDjPZ6_rSD
Иоаким,Алеев,dr8m0rzyq@example.com,Vaulazhka,QZZhz^6CnT
Валаам,Телепнев,o9rpu4xnp@example.com,Midakulno,#S@oO_^AE4
Ростислав,Тенишев,oxsjs3e6g@example.com,Dualpemhi,YBjKoOMIrw
Арефий,Лодыженский,ztdx480fv@example.com,Saebell,aoGqCO*0az
Кандид,Водосвятский,ms0v4frnb@example.com,Leaobb,AWUp*F9yym
Савиниан,Картамышев,1lxtj05o1@example.com,Matetneti,vnPTGypgzr
Исмаил,Ляпунов,2qudf1w9n@example.com,Doneseyan,MA8YHsuuAk
Евфрасий,Пестов,mfcr4i03i@example.com,Keakvail,b4eBg3R4Jj
Болеслав,Невинский,ih3tk6ap0@example.com,Basarhsh,gQGtcUELWZ
Каллиник,Свирский,enz92ymo2@example.com,Toasbmo,8ola*^hkP0
Аполлоний,Сытин,fysem4s1w@example.com,Neey,@Bc@Vi#eHU
Епимах,Стецкий,e1i56lk35@example.com,Zhei,a#d^l5OOK#
Мартын,Чириков,d0gbbuzmc@example.com,Paoschigr,BRZpAkVLRK
Карп,Бебутов,hw0c0sg8y@example.com,Zetobuf,iE3qhU0lPi
Борис,Рубец,468s8q8uy@example.com,Niokvair,iTA@v2iV!M
Тимур,Голубец,21qvnrb6o@example.com,Cealokvne,s_WtUcoW!Y
Никазий,Левин,d4jjqclkv@example.com,Kazhasnau,RB_VOy5KpD
Венедикт,Довженко,kuqjn1ytb@example.com,Belasukno,knX*@zs^^D
Борислав,Дивеев,x0vkm1dqc@example.com,Laps,2bW6U5YKai
Святослав,Алеев,pyn0x977p@example.com,Nepazne,2wpjs7ur^m
Лаврентий,Княжевич,1alkxbq9n@example.com,Kavu,3QnDEMaEI9
Иларий,Виноградский,8jnarbkza@example.com,Laatdzu,!j8ArQ3_GL
Харсей,Кадников,pnj290y7j@example.com,Beemekef,an@uKo*A^@
Маркеллин,Белеутов,63qop6wpg@example.com,Valaods,LBwfMV16Kk
Елисей,Каловский,6lxsoh6uh@example.com,Magahupka,oH2YA@1_Pd
Паисий,Юмашев,9u8d8lby4@example.com,Nyuhanlot,1z84n!Cyj^
Лактион,Каша,67ag8x6le@example.com,Moinaz,#cY2QoYXVg
Роман,Голенищев,wtecb6ndn@example.com,Saidlamla,kqHoJT5Z!m
Всеслав,Водов,eran5xgyc@example.com,Talaanv,^YkOY2Bhca
Вит,Усов,o5x5eczey@example.com,Kebagothe,^0ogOkYUb9
Исаия,Гедианов,4bds4v99p@example.com,Shigavogs,wRjWmjUa!L
Кассиан,Казановский,6nv2qig4b@example.com,Shoannaot,lEEG1D^vwH
Вадим,Ульянов,siscxjvgh@example.com,Mosalni,EupR7G#Tl!
Митрий,Дорофеев,iwvlidkt9@example.com,Nara,FTvq13slDM
Леонид,Апушкин,62vkmsh63@example.com,Loos,5s@vU3r4V0
Меркурий,Шлоссман,8yzazj00k@example.com,Taofitot,KRFiDlCwqC
Куприян,Ходнев,dxjo8r6to@example.com,Ratenonzh,C8NU5*XJQ^
Захар,Иванов,ftqktbuq4@example.com,Nazansul,kPnYUtF8TY
Парфений,Крашевский,nq9pl2hco@example.com,Mamelevel,cPO!JL_pYS
Бенедикт,Горожанский,chob0n77e@example.com,Nas,KHtzkH!QoJ
Алексей,Сатин,1skdniemo@example.com,Pyukamnin,eQI1FlL*fK
Артемидор,Головин,jpvuupmal@example.com,Panyumoos,TyyeMxQwrd
Мартьян,Измайлов,24y6wuc59@example.com,Laezhbaor,PYunzXPU1!
Нифонт,Нелюбин,vuj9k88e4@example.com,Keakmeant,5hmCYi9*Xd
Пахомий,Гавриленко,875ga4z05@example.com,Naosvaolv,Do8PEdyqUE
Ахилла,Бирдюкин,b19fnwu1n@example.com,Namulayun,CeFYuri_D_
Патрикий,Романов,39q7n4usp@example.com,Kasezvafi,_8yQnH*Wqh
Андрей,Хмелев,cm71ji99q@example.com,Zhitessit,oC4IRPiD#M
Пармен,Арчаковский,eczq5vnof@example.com,Soar,YazAbW4faG
Апеллий,Муханов,pe7ehpu7b@example.com,Pienench,3UqPv523AA
Мартын,Полторацкий,ge9bs498x@example.com,Raipot,JJM3_*Q1uj
Мелетий,Ржевский,04kpn860p@example.com,Soasyuyun,xGjMggq85E
Орест,Сунбулов,i93gp2u06@example.com,Damevlevs,Z4A1#XLrf9
Домнин,Дьяков,lxoz4nnkl@example.com,Laiskyuyu,lwI18gJsmX
Агриппин,Путьковский,vlejixpcq@example.com,Zaischavt,4JTSuI2K2R
Зенон,Ивин,zntjhf4bp@example.com,Pionkoul,b9brC*ktJN
Корнилий,Волконский,hfeuvs8oe@example.com,Kepa,0BWocnnvCq
Ярослав,Маслов,kfpaljiu3@example.com,Nonemotmi,mmqvE4gsxe
Богдан,Ипатович,4mt877aub@example.com,Maakyanh,#Q#d^rl0hF
Боголеп,Соймонов,0fjxg2bhe@example.com,Kyunuryac,hdgZj1Nsub
Мартин,Рубец,wk1qo6h26@example.com,Loha,Nw6rlbV0zF
Денис,Михалкин,cv5m9q7kg@example.com,Zakezaink,9YR37I7uX9
Ангелий,Полубинский,eufc167pz@example.com,Bekepem,!E0#QYiijt
Афиноген,Львов,b2w30mz2u@example.com,Cheezyulz,cAYkZp^F66
Мартин,Изединов,kx86d42cm@example.com,Neovogg,j2KLhH1x_I
Мартын,Полянский,aec4qobfz@example.com,Rokasyant,9M8NDsBGxH
Уар,Жадовский,1lwdyi4n5@example.com,Vazhatkuh,90XXEto4Nt
Эрнест,Белевский,bsyrppriw@example.com,Keetong,dNNef3bikM
Агафоник,Арендт,8rzdapo29@example.com,Maalayuks,ojyuCqayx3
Емельян,Берг,9ytl6igx1@example.com,Zhilepzhi,^JpLbHb0PD
Остафий,Березников,fhpc51sw0@example.com,Zokozhsil,WHuYMjaBeQ
Аэтий,Маслов,hjzzdm8wk@example.com,Taivnatne,QJE4IQUERq
Тарасий,Волжин,of91hicb5@example.com,Semanel,DXPbZAAKLp
Лев,Тенишев,fc1gkqpy4@example.com,Goukianzh,QLSwQF*aG8
Кирик,Кавелин,mja1cpt7w@example.com,Maadezhol,nLGQeDq6Y!
Митрий,Варпаховский,8wd1dbdr3@example.com,Paofkacak,!vWKBSWQxK
Аетий,Грабовский,o132uroge@example.com,Siinot,Zq0he0AAFS
Агафон,Лонгинов,7d2x4ia9g@example.com,Lodi,YiO57D_YA9
Святополк,Золотаревский,ocv23czti@example.com,Saaginobz,aVf@ZXy#^J
Агний,Суворов,btkoz2a4d@example.com,Sakyuskao,Se0Kj8abyu
Феодул,Чернявский,tzush3iam@example.com,Zitidoshn,pOWPOCV40e
Евлогий,Ахматов,qbh47au7c@example.com,Vaotyutr,H1v4G#XCXV
Приск,Двораковский,8sjbu40z4@example.com,Sakeit,9@!q3nacY2
Нектарий,Верещагин,1hk0g3mpn@example.com,Pyat,C*hMmdAcN8
Анаклет,Изединов,c5v12u7ax@example.com,Syan,w5*3ptki*d
Елисей,Двораковский,cyhs84kh6@example.com,Neeenh,B54J7DrQrA
Ермоген,Вадковский,2ln2pxuyr@example.com,Pearlmo,60Rr3S*z_D
Влад,Басов,20nrt7z2a@example.com,Lyaekbayu,nxjlqH7bIa
Олимпиодор,Белокрыльцов,0coaobire@example.com,Mabutaal,z06C!Ffy@A
Епимах,Мережко,ppml7fot8@example.com,Kookda,MiaC45T71B
Ангелин,Юрасовский,9hik3644s@example.com,Mara,j4pA#IBFl7
Афинодор,Векошкин,w91wii6xk@example.com,Nezaluenh,p!XfBJCQ!n
Маркиан,Великопольский,yv2pk166t@example.com,Veemesh,lJv#k5n27t
Альберт,Ширинкин,k3ottyd0i@example.com,Zosk,legz6^8I*J
Владилен,Шпаковский,ltk1ih6w5@example.com,Laibne,dPkQR4bztB
Руфиниан,Кретов,zk2a2x3ab@example.com,Kumamikfa,X!x1NKn44D
Иуст,Осокин,a63f5w4n9@example.com,Tyue,NQTWep6GN4
Лаврентий,Вольф,1qprwrz2g@example.com,Ziakadat,XtWfeO#i_k
Нонн,Емелькин,n3weoqyau@example.com,Naaskaorb,Z6jMnMFqxK
Фёдор,Алеев,telpos2rm@example.com,Gososyuor,t9jOS3aZhz
Евсевий,Акчурин,nq65wkq9p@example.com,Hiayulh,HBGNqbXE5C
Ферапонт,Невежин,xiu4ct0w4@example.com,Rabassenk,UbHZYs!WqY
Адонис,Герасимов,fpnq9u6sh@example.com,Nebalan,MG3!L3ZTy0
Артамон,Скорняков,5j2ef0cer@example.com,Lot,jqngZ4tj6^
Арис,Сибирский,m58fz80w2@example.com,Maykri,_UbjbEEg3K
Алфей,Сонцов,4q4kexsyw@example.com,Lebaov,83mmAFX#Xb
Севериан,Розенбах,ml62qlddh@example.com,Noineum,AYF^kENKvS
Нонн,Тростенский,8ven6o3e3@example.com,Bedalomuv,FujhUWVq^d
Игнатий,Глебовский,evmu0qi2s@example.com,Lebozhlyu,bnc2@QVtbk
Фофан,Стогов,t38ohfox8@example.com,Sakyumif,!atm#DNAAd
Тихон,Золотарёв,6u1li84og@example.com,Napaboal,yFLIc@EJ@9
Никодим,Мамонов,wxl5k6eq7@example.com,Mainitnol,TdWFlNkOCS
Богуслав,Биркин,z8juiealo@example.com,Metipm,KFVLKADHC2
Платон,Протасов,c6gfy555j@example.com,Keakalyul,2xsm#etA#e
Настасий,Урусов,54mzq9i7d@example.com,Niematomc,SG7Rg2H3tq
Наталий,Михайлов,t3jtd0li6@example.com,Kaadekyan,9Zy3u9r8s5
Пафнутий,Мясоедов,7nueisyiq@example.com,Nira,1O1H1jOlz*
Иоанн,Бурмаксин,u5ovsb7r8@example.com,Keatsamru,tPJrGF!qlN
Лукий,Путьковский,dxpx2ib0m@example.com,Vipe,MrAyaG9_RJ
Малахия,Гребницкий,o4yj1ss83@example.com,Nobz,dRlWFe#b_D
Пармен,Скуратов,yn0i4coz0@example.com,Loshazanm,CAicZ4D6wd
Исаак,Маевский,ic4b0uyj9@example.com,Shipegenh,whiPjKs1d1
Харсей,Бережинский,45r5rt5mp@example.com,Seekaolf,Tk#LK2J3EE
Онисий,Ивановский,0yy2r0fjo@example.com,Tayu,rOuNOGDQq0
Лиодор,Галафеев,ubt26qnrx@example.com,Vyuk,#uVZhzK^Yk
Лонгин,Малышко,m5n0wq45a@example.com,Zaeeshk,E!^RdrrkC^
Панфил,Шиловский,93a3an9go@example.com,Zezz,BB@c2OS#F2
Марк,Шереметьев,st00brv9e@example.com,Vepyuveut,f7qTffSrxV
Светозар,Батюньков,7ssbzeib4@example.com,Kaschosks,ktc0LERt1R
Феклист,Глазенап,ubxe2xm7e@example.com,Zaisloomz,yoj#m37Cxt
Савин,Бибиков,199715xon@example.com,Zann,De78ncaaje
Гвидон,Жуков,ihen1nbxz@example.com,Laeshtne,z#l50RSeFD
Гермоген,Черепов,nl3ylctq3@example.com,Haamoomp,!^oytp6VDS
Авксентий,Жихарев,423243801@example.com,Maeshorl,@hWjZkxJZ^
Афиноген,Розенберг,4ykkyqp8z@example.com,Kipavel,vGPKtXUVy5
Абакум,Арефьев,nnweedt0r@example.com,Sapamosas,V62#fnOG5H
Артемон,Войнилович,cafos8fm5@example.com,Segyubir,SYTarT4t#s
Измаил,Лопухин,gt5yycn2s@example.com,Kadatzini,JGbZLEVzG*
Онисим,Позняков,dddck5i39@example.com,Naamaksha,EYNLlnLCci
Олимпий,Непенин,9snvapdl2@example.com,Saanec,gxOZbrB^Cq
Савел,Ланской,d9n6b8dj2@example.com,Kosekovs,1mcwedTPzT
Арий,Матусевич,hru114xao@example.com,Sonadtopl,WPjD_wxKcs
Велимир,Жедринский,sx0wemzpd@example.com,Biekileed,S1#b@D^l1B
Святополк,Свиньин,jtw6mr2p8@example.com,Sisabvt,QNz5r_6VsR
Фетис,Баратов,v41mpc71f@example.com,Taadotopr,sl_LfFU3VZ
Феклист,Ратьков,1obvnuo9w@example.com,Naasalif,ZdBT#2qIx8
Гвидон,Сирота,ljetdpdub@example.com,Lauir,LG6W^et_yX
Пахомий,Вязмитинов,8bcbbl9ez@example.com,Saasmi,0iB4#xg0Y*
Роберт,Менделеев,ijtsuudgq@example.com,Belasabmi,oVVmh@d63a
Овсей,Ходыревский,333ldnpwq@example.com,Baamapvof,jhIyGIgAlR
Маркелл,Бычков,oy0qhuyku@example.com,Vuaerk,cSoaqFGOc@
Иероним,Гарюшкин,fmsc5ytff@example.com,Zhipabkot,1HE0!Hqt^l
Абрам,Бобринский,m094noiwe@example.com,Shaibib,Jkl_ZxoFAA
Иероним,Лутовинов,50sw8or01@example.com,Viinne,cVt2J65@Ed
Овсей,Нелюбин,krhrkkmu7@example.com,Paek,Qb99WXfZMm
Викторин,Грязнов,x7wj5xluk@example.com,Naatadyur,!I2N@lCO_z
Серафим,Урусов,d8ee21s8y@example.com,Kinh,cJtrglJ0Wm
Иов,Метальников,97imq7pu7@example.com,Safa,nappLTCH@^
Сисой,Алтуфьев,xbjruroni@example.com,Naenyukoh,un*O7pl@4A
Астерий,Еремеев,vfwlqh9jn@example.com,Lasabyurk,78h*H7#b2o
Поликарп,Кашкаров,vl8s77ytr@example.com,Tovevpeum,E2XqYshnIa
Елизар,Тимчук,vcfmob6ny@example.com,Vaitvfi,K*E3aiy4cX
Гермоген,Вахрамеев,bgemz908l@example.com,Shasevay,gSjf41_2TT
Лавр,Бородаевский,4q1zjghbf@example.com,Deozhalvd,_CuYQhhaSh
Антон,Внуков,q8h3kas5a@example.com,Zaazhkesu,0W#4p^ASXZ
Полукарп,Собанский,r20w2g7fs@example.com,Naesink,bQSMkZj46k
Ипполит,Лачинов,ahvxk840t@example.com,Kien,XoeWnimLEs
Садок,Ледицкий,wxsh4syhn@example.com,Meoyulsh,duEUeo8SlU
Полуект,Григорьев,xvbunjimi@example.com,Saoskilb,EuhXptYF9D
Ким,Митрофанов,8y8wxm5xt@example.com,Vibennyub,jUlaXUA^Wb
Зинон,Савелов,rvznbmngj@example.com,Faaskepav,PvaiuhcprH
Никита,Шалимов,ko04k234x@example.com,Kopoovs,rNA8C^*ZuD
Евфимий,Бутович,0pisvjxnw@example.com,Kosf,sk*Pl1C0Ec
Паисий,Маевский,k99b4ylx2@example.com,Maevzavmi,CAOWmPnQFR
Исмаил,Виноградский,9nrfxxffe@example.com,Nuipbudda,l9dJFzmZIx
Михаил,Богоявленский,vqiz96ms0@example.com,Naazyurh,3G^H74g4@a
Власий,Пятов,x37fqwbgr@example.com,Bypi,YKZujYxaCr
Илья,Рублёв,oa3dvrgnb@example.com,Meesakvb,yolwC_hgx7
Фарафон,Философов,8931cljxf@example.com,Tenakvops,8@H_VGZWJ5
Антип,Деменков,ejabv20al@example.com,Kaoskayul,#3gZE^T!6k
Потап,Грабленов,sj9a51i7i@example.com,Meloleser,2g9yzoc5i2
Савин,Писаренко,3lw3yittc@example.com,Laluloz,s85vKH1AKw
Аарон,Горяинов,b2dq2c82g@example.com,Noen,8I!fK^acFc
Роман,Барановский,ir3w5kbhj@example.com,Kanivnaic,q05I^WpJ!^
Вилен,Борисенко,e5evl6dw8@example.com,Neusansh,ctS2gD47h_
Аскольд,Велецкий,g2ti0il6u@example.com,Lebutbal,XYa#iFrZ57
Селиверст,Исаков,85ecqn8di@example.com,Moeogzh,4R3HuKAUP!
Юлиан,Тимковский,jrsewtp8y@example.com,Nasagik,k8HUSZa4LP
Нонн,Киреевский,8yjyiw6fw@example.com,sertificate,uYcyKhG6yn
Полуект,Черкудинов,bbfti5vja@example.com,Zheihelf,jbxUt*QknC
Ермоген,Белецкий,rrlcb5iha@example.com,Laaszeil,juKcHyOrf_
Андриан,Шимановский,m0jjkjk4f@example.com,Lazazan,pcf!10GfWT
